{"cameraMode":{"drawMode":0,"name":"Shaded","section":"Shading Mode"},"sceneLighting":true,"audioPlay":false,"sceneViewState":{"showFog":true,"showMaterialUpdate":false,"showSkybox":true,"showFlares":true,"showImageEffects":true,"showParticleSystems":true},"in2DMode":false,"pivot":{"x":11.900107383728028,"y":7.608329772949219,"z":-1.8527874946594239},"rotation":{"x":0.1317535787820816,"y":-0.40484243631362917,"z":0.05907619744539261,"w":0.9029163718223572},"size":4.834681034088135,"orthographic":false}