{"cameraMode":{"drawMode":0,"name":"Shaded","section":"Shading Mode"},"sceneLighting":false,"audioPlay":false,"sceneViewState":{"showFog":true,"showMaterialUpdate":false,"showSkybox":false,"showFlares":true,"showImageEffects":true,"showParticleSystems":true},"in2DMode":false,"pivot":{"x":-0.5277242660522461,"y":4.542503833770752,"z":3.2407937049865724},"rotation":{"x":-0.06765943020582199,"y":0.696288526058197,"z":-0.06621330231428147,"w":-0.7114933133125305},"size":9.987950325012207,"orthographic":false}